FirstName,LastName,Gender,Age,ID
Tony,Gibson,Male,29,1
Madaline,Phillips,Female,21,2
Reid,Richards,Male,21,3
Eleanor,Ross,Female,20,4
Lucy,Morris,Female,28,5
Abraham,Mitchell,Male,26,6
Rubie,Barrett,Female,25,7
Patrick,Grant,Male,23,8
Valeria,Thomas,Female,24,9
Tara,Gray,Female,20,10
Jacob,Richards,Male,24,11
Sydney,Hall,Female,24,12
Carlos,Turner,Male,26,13
Adele,Baker,Female,26,14
Jack,Lloyd,Male,21,15
Blake,Rogers,Male,20,16
Julian,Parker,Male,26,17
Tony,Payne,Male,18,18
Derek,Owens,Male,22,19
Amelia,Stevens,Female,25,20
Jacob,Craig,Male,21,21
Daryl,Martin,Male,25,22
Cherry,Warren,Female,29,23
Kelsey,Henderson,Female,26,24
Isabella,Moore,Female,26,25
Samantha,Richards,Female,23,26
Kellan,Cameron,Male,18,27
Kristian,Nelson,Male,23,28
Byron,Kelley,Male,28,29
Carlos,Spencer,Male,30,30
Deanna,Morris,Female,27,31
Grace,Alexander,Female,30,32
Natalie,Mitchell,Female,20,33
Dale,Adams,Male,30,34
Florrie,Johnston,Female,22,35
Thomas,Bennett,Male,30,36
Elise,Wilson,Female,22,37
Patrick,Wright,Male,24,38
Daryl,Russell,Male,24,39
Adison,Myers,Male,18,40
Savana,Cole,Female,18,41
Frederick,Robinson,Male,18,42
Vincent,Hawkins,Male,21,43
James,Fowler,Male,29,44
Edwin,Barrett,Male,20,45
David,Edwards,Male,25,46
William,Kelley,Male,21,47
Melanie,Adams,Female,21,48
Stuart,Carter,Male,28,49
Violet,Williams,Female,28,50
Miley,Anderson,Female,27,51
Lucy,Phillips,Female,25,52
Roman,Douglas,Male,18,53
Maximilian,Riley,Male,26,54
Harold,Grant,Male,21,55
Paul,Myers,Male,27,56
Miranda,Adams,Female,30,57
Sawyer,Roberts,Male,24,58
Florrie,Brown,Female,23,59
Cadie,Watson,Female,27,60
Heather,Craig,Female,29,61
Alan,Montgomery,Male,21,62
Grace,Wilson,Female,23,63
Oscar,Harris,Male,19,64
Max,Andrews,Male,23,65
Chloe,Harrison,Female,26,66
Audrey,Owens,Female,21,67
Alexia,Craig,Female,26,68
Daisy,Myers,Female,19,69
Preston,Walker,Male,27,70
Melanie,Mason,Female,23,71
Joyce,Davis,Female,25,72
Kate,Tucker,Female,22,73
Dale,Cunningham,Male,27,74
Jordan,Holmes,Male,19,75
Chloe,Richards,Female,29,76
Lana,West,Female,26,77
Patrick,Richardson,Male,21,78
Walter,Stewart,Male,28,79
Honey,Gray,Female,29,80
Sabrina,Rogers,Female,30,81
Samantha,Hawkins,Female,18,82
Abraham,Chapman,Male,25,83
Abraham,Adams,Male,23,84
Emily,Casey,Female,28,85
Briony,Kelly,Female,22,86
Emily,Roberts,Female,21,87
Roman,Brown,Male,21,88
Emily,Chapman,Female,20,89
Tess,Murphy,Female,27,90
Amanda,Carroll,Female,21,91
Jordan,Williams,Male,18,92
Natalie,Craig,Female,29,93
Lydia,Henderson,Female,19,94
Melissa,Moore,Female,21,95
Heather,Taylor,Female,29,96
Sofia,Bennett,Female,27,97
Steven,Tucker,Male,28,98
Maria,Lloyd,Female,28,99
Chelsea,Richardson,Female,27,100
Aston,Allen,Male,22,101
Gianna,Walker,Female,25,102
Nicholas,Payne,Male,20,103
Samantha,Crawford,Female,26,104
Brad,Wells,Male,20,105
Darcy,Barrett,Female,30,106
Antony,Hill,Male,20,107
Adrian,Wright,Male,23,108
Jack,Foster,Male,18,109
Adrianna,Higgins,Female,22,110
Nicholas,Allen,Male,25,111
Ryan,Morrison,Male,28,112
Kellan,Andrews,Male,29,113
Grace,Farrell,Female,30,114
Honey,Richards,Female,24,115
Brianna,Rogers,Female,25,116
Anna,Lloyd,Female,25,117
Chloe,Robinson,Female,29,118
Alina,Douglas,Female,20,119
Sofia,Reed,Female,24,120
Paige,Davis,Female,26,121
Adelaide,Douglas,Female,21,122
Jacob,Owens,Male,22,123
Lily,Stevens,Female,24,124
Frederick,Watson,Male,26,125
Aida,Williams,Female,22,126
Dexter,Morgan,Male,26,127
Vanessa,Harris,Female,29,128
Maya,Williams,Female,23,129
Paul,Miller,Male,23,130
Sarah,Watson,Female,29,131
Patrick,Foster,Male,18,132
Paige,Armstrong,Female,25,133
Jack,Martin,Male,23,134
Gianna,Henderson,Female,24,135
Kate,Morris,Female,20,136
Garry,Owens,Male,27,137
Vincent,Douglas,Male,20,138
Lucas,Barnes,Male,18,139
Antony,Ferguson,Male,25,140
Valeria,Harris,Female,27,141
Adison,Mason,Male,22,142
Elise,Robinson,Female,20,143
Rosie,Spencer,Female,26,144
Chelsea,Adams,Female,20,145
Byron,Williams,Male,26,146
Blake,Gibson,Male,25,147
Charlie,Harris,Male,25,148
Adam,Mason,Male,27,149
Myra,Baker,Female,19,150
Julia,Grant,Female,25,151
Penelope,Farrell,Female,22,152
Maria,Smith,Female,20,153
Sofia,Cole,Female,29,154
Emma,Baker,Female,27,155
Lilianna,Miller,Female,27,156
Amber,Martin,Female,20,157
Sam,Hunt,Male,21,158
Elise,Perry,Female,24,159
Max,Walker,Male,19,160
Emily,Carter,Female,22,161
Roland,Kelly,Male,28,162
Elise,Cooper,Female,28,163
Abigail,Brown,Female,28,164
Marcus,Stewart,Male,26,165
Adison,Dixon,Male,26,166
Eric,Russell,Male,23,167
Chelsea,Edwards,Female,28,168
Leonardo,Morrison,Male,21,169
Agata,Holmes,Female,22,170
Penelope,Walker,Female,29,171
Tara,Brooks,Female,29,172
Melanie,Baker,Female,30,173
Max,Casey,Male,26,174
Eleanor,Richards,Female,18,175
Miley,Foster,Female,26,176
Lydia,Richardson,Female,21,177
Derek,Cole,Male,23,178
Ada,Barnes,Female,21,179
Ryan,Brooks,Male,23,180
Violet,Ryan,Female,28,181
Luke,Hall,Male,18,182
Lyndon,Richardson,Male,29,183
Kristian,Perry,Male,19,184
Lucia,Morris,Female,22,185
Aldus,Tucker,Male,22,186
Blake,Hawkins,Male,22,187
Honey,Russell,Female,19,188
Violet,Watson,Female,24,189
Penelope,Russell,Female,22,190
Jasmine,Anderson,Female,24,191
Lydia,Alexander,Female,29,192
Melanie,Bailey,Female,19,193
Bruce,Brown,Male,26,194
Dale,Armstrong,Male,23,195
Jack,Roberts,Male,26,196
Alexia,Casey,Female,28,197
Henry,Kelley,Male,26,198
Abigail,Hamilton,Female,19,199
Miley,Dixon,Female,29,200
Honey,Chapman,Female,18,201
Frederick,Richards,Male,22,202
Dale,Edwards,Male,22,203
Spike,Scott,Male,23,204
Julian,Fowler,Male,30,205
Lily,Myers,Female,29,206
Jacob,Casey,Male,26,207
Vivian,Evans,Female,19,208
Isabella,Edwards,Female,26,209
Steven,Ferguson,Male,28,210
Alissa,Adams,Female,23,211
Amanda,Montgomery,Female,23,212
Adrian,Clark,Male,19,213
Oscar,Dixon,Male,26,214
Julian,Clark,Male,19,215
Arianna,Henderson,Female,23,216
Arianna,Alexander,Female,25,217
Maximilian,Hawkins,Male,18,218
Gianna,Grant,Female,25,219
Lily,Scott,Female,25,220
Dale,Allen,Male,21,221
Arthur,Williams,Male,25,222
Amanda,Alexander,Female,21,223
Jenna,Davis,Female,22,224
Jessica,Myers,Female,21,225
Naomi,Montgomery,Female,24,226
Ryan,Thomas,Male,30,227
Sabrina,Allen,Female,22,228
Kristian,Campbell,Male,25,229
Robert,Kelley,Male,29,230
Reid,Richardson,Male,27,231
Alen,Douglas,Male,26,232
Dainton,Taylor,Male,18,233
Emily,Miller,Female,18,234
Chelsea,Watson,Female,22,235
Steven,Henderson,Male,23,236
Freddie,Riley,Male,30,237
Daryl,Parker,Male,29,238
Adelaide,Spencer,Female,28,239
Miranda,Sullivan,Female,24,240
Edwin,Holmes,Male,27,241
Albert,Cunningham,Male,23,242
Penelope,Riley,Female,26,243
Kimberly,Crawford,Female,22,244
Isabella,Riley,Female,19,245
Kirsten,Foster,Female,21,246
Arthur,Thompson,Male,24,247
Cadie,Cameron,Female,19,248
Elise,Russell,Female,19,249
Tony,Holmes,Male,19,250
Martin,Baker,Male,28,251
Miller,Parker,Male,22,252
Sarah,Cole,Female,20,253
Brianna,Baker,Female,18,254
Rubie,Perkins,Female,20,255
Preston,Edwards,Male,24,256
Antony,Hunt,Male,28,257
Antony,Douglas,Male,19,258
Tony,Andrews,Male,23,259
Alberta,Carter,Female,29,260
Jessica,Crawford,Female,29,261
Maria,Cooper,Female,22,262
Maya,Anderson,Female,24,263
Garry,Stevens,Male,30,264
Tyler,Wells,Male,18,265
Alissa,West,Female,18,266
Amelia,Alexander,Female,24,267
Jacob,Alexander,Male,25,268
Ted,Riley,Male,21,269
Abigail,Murphy,Female,22,270
Arthur,Evans,Male,29,271
Miranda,Thomas,Female,22,272
Kate,Wilson,Female,28,273
Annabella,Kelley,Female,30,274
Amanda,Andrews,Female,30,275
Alfred,Clark,Male,30,276
Aida,Carroll,Female,20,277
William,Wells,Male,21,278
Alina,Perkins,Female,26,279
Justin,Morgan,Male,29,280
Kelvin,Andrews,Male,26,281
Dexter,Barrett,Male,19,282
Lyndon,Rogers,Male,21,283
Patrick,Reed,Male,19,284
Aldus,Alexander,Male,25,285
Paul,Robinson,Male,28,286
Jacob,Foster,Male,27,287
John,Payne,Male,19,288
Freddie,Owens,Male,22,289
Charlie,Gibson,Male,23,290
Lana,Jones,Female,25,291
Charlie,Jones,Male,30,292
Thomas,Foster,Male,27,293
Alexia,Crawford,Female,26,294
Joyce,Grant,Female,19,295
Oliver,Morgan,Male,23,296
Sienna,Morrison,Female,24,297
Sienna,Edwards,Female,19,298
Melissa,Hunt,Female,18,299
Maddie,Crawford,Female,28,300
Sofia,Robinson,Female,19,301
Lucia,Dixon,Female,20,302
Kristian,Perkins,Male,28,303
Miranda,Stevens,Female,30,304
Darcy,Andrews,Female,24,305
Chester,Miller,Male,20,306
Victoria,Allen,Female,18,307
Wilson,Murphy,Male,28,308
Lucy,Baker,Female,30,309
Bruce,Cameron,Male,26,310
Savana,Nelson,Female,19,311
Carl,Bailey,Male,27,312
Wilson,Morgan,Male,30,313
Maya,Craig,Female,18,314
Julia,Morrison,Female,20,315
Michelle,Davis,Female,26,316
Andrew,Riley,Male,30,317
Vincent,Craig,Male,26,318
Cherry,Edwards,Female,25,319
Florrie,Myers,Female,30,320
Mary,Davis,Female,26,321
Frederick,Bailey,Male,26,322
Samantha,Kelley,Female,19,323
Ellia,Howard,Female,27,324
Alexander,Edwards,Male,19,325
Rubie,Elliott,Female,21,326
Kevin,Barrett,Male,29,327
Lily,Owens,Female,25,328
Michelle,Evans,Female,20,329
Maddie,Harris,Female,28,330
Abraham,Ryan,Male,25,331
Florrie,Nelson,Female,29,332
Leonardo,Perkins,Male,29,333
Evelyn,Ryan,Female,19,334
Lyndon,Hunt,Male,18,335
Amanda,Perry,Female,22,336
Aston,Warren,Male,30,337
Rafael,Baker,Male,25,338
Sydney,Perkins,Female,27,339
Fiona,Murray,Female,19,340
Dainton,Thompson,Male,26,341
Amy,Chapman,Female,27,342
Paige,Kelley,Female,19,343
Annabella,Davis,Female,22,344
Dainton,Baker,Male,23,345
Eddy,Kelley,Male,30,346
Violet,Gray,Female,24,347
Deanna,Evans,Female,19,348
Alfred,Thomas,Male,25,349
Adrianna,Williams,Female,20,350
Martin,Owens,Male,27,351
Daisy,Andrews,Female,18,352
Elise,Ross,Female,28,353
Carl,Rogers,Male,24,354
Walter,Farrell,Male,22,355
Justin,Robinson,Male,19,356
Agata,Phillips,Female,28,357
Alissa,Bailey,Female,30,358
Blake,Kelly,Male,25,359
Jasmine,Hamilton,Female,24,360
Camila,Farrell,Female,30,361
Stuart,Higgins,Male,27,362
Daisy,Owens,Female,28,363
Julian,Bennett,Male,27,364
Agata,Turner,Female,29,365
Jenna,Smith,Female,23,366
Caroline,Rogers,Female,23,367
Jordan,Craig,Male,19,368
Ned,Richardson,Male,18,369
Roman,Owens,Male,18,370
Eric,Cole,Male,23,371
Tony,Myers,Male,18,372
Ellia,Williams,Female,28,373
Alberta,Ross,Female,19,374
Eric,Bennett,Male,27,375
Melissa,Martin,Female,28,376
Valeria,Hall,Female,25,377
Henry,Miller,Male,18,378
Annabella,Crawford,Female,25,379
Adele,Fowler,Female,18,380
Eleanor,Morrison,Female,28,381
Violet,Grant,Female,20,382
Spike,Gibson,Male,19,383
Belinda,Hawkins,Female,22,384
James,Hill,Male,28,385
Chelsea,Thompson,Female,30,386
Miley,Jones,Female,21,387
Sofia,Jones,Female,23,388
Tess,Andrews,Female,29,389
Connie,Tucker,Female,30,390
Eleanor,Kelley,Female,18,391
Edgar,Murphy,Male,26,392
Vanessa,Gibson,Female,23,393
Lana,Grant,Female,27,394
Carina,Johnson,Female,27,395
Adrian,Morris,Male,22,396
Victoria,Crawford,Female,21,397
Violet,Gibson,Female,29,398
Robert,Sullivan,Male,27,399
Justin,Hawkins,Male,28,400
Blake,Casey,Male,34,401
Annabella,Howard,Female,30,402
Vincent,Scott,Male,36,403
Ted,Cooper,Male,36,404
Grace,Williams,Female,32,405
Michael,Reed,Male,30,406
Nicole,Higgins,Female,32,407
Lucia,Murray,Female,35,408
Alissa,Murray,Female,38,409
Oliver,Stewart,Male,31,410
Hailey,Richardson,Female,32,411
Julia,Hunt,Female,31,412
Tyler,Kelley,Male,34,413
Walter,Reed,Male,33,414
Arnold,Anderson,Male,37,415
Alisa,Hawkins,Female,40,416
Lydia,Riley,Female,31,417
Kristian,Jones,Male,35,418
Amy,Harris,Female,35,419
Kevin,Ryan,Male,39,420
Kristian,Douglas,Male,39,421
Samantha,Crawford,Female,35,422
Paul,Henderson,Male,36,423
John,Anderson,Male,32,424
Rebecca,Turner,Female,37,425
Ryan,Myers,Male,32,426
Aldus,Kelly,Male,38,427
Carl,Jones,Male,32,428
Tony,Evans,Male,30,429
Maximilian,Mason,Male,39,430
James,Gibson,Male,34,431
Patrick,Mason,Male,32,432
Dainton,Martin,Male,37,433
Aston,Warren,Male,40,434
Amber,Moore,Female,34,435
Honey,Davis,Female,30,436
Richard,Sullivan,Male,38,437
Maya,Montgomery,Female,30,438
Sabrina,Andrews,Female,38,439
Frederick,Stewart,Male,33,440
Miller,Smith,Male,34,441
Natalie,Kelley,Female,37,442
Alan,Alexander,Male,35,443
Frederick,Martin,Male,32,444
Arianna,Riley,Female,39,445
Tyler,Sullivan,Male,32,446
Robert,Richardson,Male,31,447
Annabella,Walker,Female,30,448
Chloe,Phillips,Female,36,449
April,Wright,Female,34,450
Alan,Mitchell,Male,34,451
Carina,Higgins,Female,36,452
Dexter,Harris,Male,38,453
Cadie,Alexander,Female,37,454
Kevin,Sullivan,Male,34,455
Daniel,Roberts,Male,32,456
Haris,Stevens,Male,33,457
Albert,Russell,Male,40,458
Florrie,Stewart,Female,31,459
Catherine,Kelley,Female,30,460
Sarah,Hawkins,Female,38,461
Eleanor,Ryan,Female,31,462
Tiana,Wright,Female,34,463
Catherine,Chapman,Female,38,464
Carl,Gray,Male,39,465
Adrianna,Baker,Female,40,466
Savana,Hill,Female,32,467
Haris,Bailey,Male,33,468
Kristian,Taylor,Male,35,469
Edith,Watson,Female,31,470
Alina,Montgomery,Female,33,471
Jared,Carroll,Male,35,472
Sam,Harrison,Male,31,473
Brianna,Spencer,Female,31,474
Sawyer,Nelson,Male,34,475
George,Gibson,Male,36,476
Ryan,Casey,Male,30,477
Valeria,Reed,Female,40,478
Kevin,Baker,Male,38,479
Valeria,Cameron,Female,39,480
William,Richards,Male,36,481
Melissa,Phillips,Female,39,482
Edward,Dixon,Male,36,483
Lana,Moore,Female,36,484
Kristian,Adams,Male,36,485
Naomi,Barnes,Female,32,486
Arianna,Cunningham,Female,31,487
Freddie,Grant,Male,35,488
Frederick,Ferguson,Male,37,489
Eddy,Rogers,Male,40,490
Abigail,Robinson,Female,34,491
Oliver,Foster,Male,33,492
Vincent,Bennett,Male,32,493
Arianna,Hawkins,Female,34,494
Elise,Riley,Female,30,495
Preston,Riley,Male,40,496
Sabrina,Phillips,Female,32,497
Chloe,Jones,Female,33,498
Amy,Armstrong,Female,37,499
Victoria,Hawkins,Female,33,500
Carlos,Carroll,Male,39,501
Carl,Lloyd,Male,39,502
Dexter,Henderson,Male,38,503
Lydia,Hunt,Female,38,504
Carl,Richardson,Male,34,505
Leonardo,Campbell,Male,35,506
Tyler,Harrison,Male,30,507
Alina,Richardson,Female,36,508
Alan,Richards,Male,33,509
Walter,Nelson,Male,32,510
Kelsey,Russell,Female,33,511
Chester,Watson,Male,32,512
James,Rogers,Male,30,513
Tess,Adams,Female,40,514
Alberta,Barnes,Female,35,515
Lydia,Miller,Female,37,516
Kellan,Campbell,Male,31,517
Carina,Miller,Female,34,518
Emma,Chapman,Female,33,519
Kate,Mitchell,Female,36,520
Lucy,Casey,Female,38,521
Chester,Moore,Male,32,522
Emily,Brooks,Female,33,523
Miranda,Kelley,Female,32,524
Natalie,Stevens,Female,39,525
Ryan,Williams,Male,36,526
Antony,Davis,Male,34,527
Naomi,Farrell,Female,37,528
Oscar,Russell,Male,40,529
Stella,Johnson,Female,39,530
Aida,Parker,Female,40,531
Brad,Sullivan,Male,32,532
Abigail,Campbell,Female,34,533
Aida,Perry,Female,36,534
Daryl,Morgan,Male,34,535
Jenna,Johnson,Female,31,536
Miranda,Brown,Female,31,537
Oscar,Craig,Male,40,538
Audrey,Howard,Female,34,539
Edward,Morgan,Male,31,540
Nicholas,Kelly,Male,33,541
Myra,Murphy,Female,30,542
Lyndon,Russell,Male,33,543
Sarah,Grant,Female,31,544
Amelia,Baker,Female,30,545
Brad,Adams,Male,30,546
Chelsea,Cameron,Female,35,547
Rafael,Barrett,Male,30,548
Harold,Payne,Male,35,549
Ryan,Adams,Male,36,550
Miley,Morrison,Female,30,551
Deanna,Morris,Female,40,552
Darcy,Mitchell,Female,35,553
Evelyn,Cunningham,Female,30,554
Lily,Hunt,Female,39,555
Sienna,Carter,Female,34,556
Lilianna,Morris,Female,40,557
Connie,Walker,Female,38,558
Connie,Hamilton,Female,36,559
Caroline,Chapman,Female,33,560
Edith,West,Female,37,561
Kellan,Warren,Male,37,562
Cadie,Johnson,Female,31,563
Lilianna,Henderson,Female,30,564
Brad,Andrews,Male,35,565
April,Perry,Female,37,566
Rosie,Higgins,Female,39,567
Melanie,Stevens,Female,34,568
Victor,Gibson,Male,38,569
George,Henderson,Male,34,570
Edgar,Wells,Male,40,571
Ryan,Harris,Male,40,572
Valeria,Myers,Female,38,573
Dale,Morris,Male,34,574
Sydney,Jones,Female,37,575
Audrey,Craig,Female,31,576
Heather,Elliott,Female,32,577
Myra,Harper,Female,37,578
Alford,Andrews,Male,39,579
Vivian,Richardson,Female,30,580
Adrian,Andrews,Male,33,581
Alfred,Cameron,Male,35,582
Lucas,Perkins,Male,37,583
Kirsten,Wells,Female,39,584
Tiana,Ferguson,Female,34,585
Jenna,Hall,Female,34,586
Haris,Evans,Male,35,587
Deanna,Kelley,Female,39,588
Tyler,Gray,Male,40,589
Olivia,Baker,Female,33,590
Ada,Owens,Female,39,591
Emily,Murphy,Female,34,592
Kelsey,Bennett,Female,32,593
Arnold,Owens,Male,40,594
Savana,Barrett,Female,30,595
Aiden,Thomas,Male,31,596
Heather,Crawford,Female,37,597
Alissa,Brooks,Female,32,598
Abraham,Hunt,Male,30,599
Sawyer,Thomas,Male,32,600
Sawyer,Richardson,Male,45,601
Albert,Hawkins,Male,49,602
Adelaide,Tucker,Female,44,603
Vincent,Tucker,Male,48,604
Kevin,Moore,Male,47,605
Blake,Martin,Male,48,606
Stella,Riley,Female,46,607
Melanie,Cunningham,Female,48,608
Stella,Montgomery,Female,44,609
Alissa,Martin,Female,42,610
Carina,Cooper,Female,50,611
William,Thompson,Male,46,612
Audrey,Rogers,Female,44,613
Preston,Morris,Male,49,614
Ashton,Walker,Male,46,615
Amelia,Bennett,Female,48,616
Jordan,Adams,Male,46,617
Lydia,Andrews,Female,41,618
Alan,Phillips,Male,40,619
Jasmine,Cole,Female,45,620
Julian,Dixon,Male,48,621
Elian,Sullivan,Male,43,622
Roman,Turner,Male,46,623
Chloe,Davis,Female,47,624
Wilson,Ferguson,Male,50,625
Wilson,Anderson,Male,40,626
Lucas,Tucker,Male,42,627
Jessica,Reed,Female,50,628
Valeria,Fowler,Female,40,629
Nicholas,Campbell,Male,48,630
Lydia,Cole,Female,45,631
Lucas,Anderson,Male,48,632
Roland,Baker,Male,43,633
Kimberly,Moore,Female,50,634
Marcus,Barrett,Male,48,635
James,Riley,Male,49,636
Natalie,Wells,Female,45,637
Dainton,Ryan,Male,42,638
Alina,Richards,Female,41,639
Hailey,Kelley,Female,46,640
Gianna,Johnson,Female,40,641
David,Morgan,Male,40,642
John,West,Male,44,643
Amber,Thomas,Female,48,644
Adele,Kelley,Female,41,645
Melanie,Bennett,Female,48,646
Ned,Myers,Male,45,647
Isabella,Brown,Female,48,648
Alexia,Morris,Female,41,649
Jack,Douglas,Male,49,650
Garry,Wilson,Male,40,651
Nicholas,Wilson,Male,43,652
Fenton,Casey,Male,49,653
Arthur,Gray,Male,41,654
Lydia,Ross,Female,47,655
Melanie,Hamilton,Female,43,656
April,Alexander,Female,43,657
Aida,Fowler,Female,46,658
Brianna,Johnston,Female,41,659
Patrick,Robinson,Male,41,660
Evelyn,Farrell,Female,42,661
Emily,Ferguson,Female,43,662
Eleanor,Riley,Female,42,663
Alexia,Sullivan,Female,43,664
Henry,Harris,Male,48,665
Daniel,Brown,Male,40,666
Isabella,Gibson,Female,40,667
Aida,Stewart,Female,41,668
Thomas,Craig,Male,50,669
Julia,Harper,Female,41,670
Joyce,Murray,Female,50,671
Martin,Williams,Male,48,672
Andrew,Walker,Male,42,673
Nicole,Armstrong,Female,40,674
Connie,Johnston,Female,46,675
Connie,Smith,Female,44,676
Brooke,Sullivan,Female,43,677
Amelia,Perkins,Female,41,678
Naomi,Evans,Female,47,679
Daisy,Edwards,Female,40,680
Nicholas,Walker,Male,46,681
Carina,Parker,Female,48,682
Max,Reed,Male,45,683
Justin,Tucker,Male,50,684
Aida,Craig,Female,47,685
Penelope,Martin,Female,44,686
Kevin,Wells,Male,50,687
Abigail,Murphy,Female,46,688
Robert,Smith,Male,40,689
Gianna,Adams,Female,44,690
Sophia,Campbell,Female,42,691
Byron,Miller,Male,47,692
Belinda,Alexander,Female,47,693
Max,Kelly,Male,40,694
Belinda,Evans,Female,40,695
Jessica,Sullivan,Female,40,696
Lyndon,Wright,Male,49,697
Fenton,West,Male,50,698
Caroline,Johnston,Female,44,699
Amelia,Anderson,Female,47,700
Maddie,Foster,Female,46,701
Audrey,Sullivan,Female,50,702
Brad,Carroll,Male,44,703
Sydney,Warren,Female,46,704
Kevin,Edwards,Male,43,705
Brooke,Brown,Female,50,706
Olivia,Grant,Female,43,707
Tiana,Casey,Female,48,708
Alan,Johnston,Male,46,709
Maya,Bailey,Female,45,710
Adele,Russell,Female,47,711
Tyler,Fowler,Male,49,712
Daisy,Bennett,Female,44,713
Ned,Alexander,Male,45,714
Leonardo,Scott,Male,46,715
Michael,Ellis,Male,48,716
Daryl,Cooper,Male,48,717
Alan,Miller,Male,48,718
Miranda,Johnston,Female,50,719
Valeria,Ellis,Female,50,720
Ashton,Johnston,Male,44,721
Sienna,Douglas,Female,43,722
Rebecca,Armstrong,Female,46,723
Ryan,Armstrong,Male,41,724
Melissa,Richardson,Female,42,725
Henry,Cameron,Male,44,726
Carina,Clark,Female,46,727
Anna,Wells,Female,47,728
Kevin,Mitchell,Male,40,729
Edgar,Brown,Male,49,730
Anna,Richards,Female,46,731
Bruce,Gibson,Male,41,732
Ted,Henderson,Male,47,733
Spike,Richardson,Male,41,734
Lucia,Stevens,Female,40,735
Brad,Barnes,Male,45,736
Bruce,Wells,Male,43,737
Kimberly,Williams,Female,42,738
April,Harris,Female,44,739
Spike,Stewart,Male,41,740
Ada,Morris,Female,49,741
Paul,Brown,Male,47,742
Sam,Davis,Male,41,743
Sienna,Wells,Female,41,744
Hailey,Ross,Female,40,745
Stella,Spencer,Female,45,746
Albert,Reed,Male,48,747
Kate,Hall,Female,40,748
Stuart,Casey,Male,47,749
Eleanor,Watson,Female,40,750
Ned,Ryan,Male,43,751
Lily,Davis,Female,48,752
Oscar,Johnson,Male,41,753
Vincent,Dixon,Male,46,754
Alissa,Barrett,Female,44,755
Edgar,Kelley,Male,43,756
Haris,Morrison,Male,47,757
Ashton,Harris,Male,42,758
Joyce,Morrison,Female,47,759
Amber,Ellis,Female,50,760
Amanda,Bennett,Female,43,761
Alan,Ross,Male,48,762
Chester,Ellis,Male,40,763
Mike,Williams,Male,43,764
Oscar,Thompson,Male,44,765
Amelia,Ryan,Female,41,766
Tyler,Russell,Male,46,767
Hailey,Farrell,Female,49,768
Kristian,Allen,Male,48,769
Garry,Carter,Male,48,770
Frederick,Brooks,Male,40,771
Luke,Armstrong,Male,47,772
James,Wright,Male,49,773
Patrick,Ryan,Male,45,774
Thomas,Hunt,Male,41,775
Adison,Adams,Male,44,776
John,Brooks,Male,40,777
Alisa,Taylor,Female,50,778
Miller,Campbell,Male,47,779
Daniel,Higgins,Male,45,780
Lucy,Tucker,Female,45,781
Andrew,Montgomery,Male,41,782
Cherry,Parker,Female,46,783
Joyce,Scott,Female,50,784
Alissa,Tucker,Female,44,785
Andrew,Riley,Male,49,786
Adison,Ross,Male,50,787
Daisy,Riley,Female,42,788
Daisy,Sullivan,Female,47,789
Alexia,Turner,Female,44,790
Sienna,Henderson,Female,49,791
Alford,Brooks,Male,48,792
Alford,Hall,Male,48,793
Emily,Thomas,Female,46,794
Garry,Dixon,Male,45,795
Alina,Johnston,Female,41,796
Jack,Lloyd,Male,44,797
Myra,Montgomery,Female,44,798
Connie,Barnes,Female,45,799
Julia,Howard,Female,40,800
Aiden,Cunningham,Male,59,801
Lucia,Brooks,Female,59,802
Jenna,Cole,Female,54,803
Maya,Stewart,Female,60,804
Rafael,Moore,Male,57,805
Alford,Jones,Male,57,806
Amber,Perkins,Female,54,807
Abigail,Perry,Female,58,808
Luke,Wilson,Male,59,809
April,Hall,Female,59,810
Olivia,Cooper,Female,50,811
Vivian,Cameron,Female,55,812
Alford,Phillips,Male,55,813
Thomas,Brooks,Male,59,814
Alan,Tucker,Male,51,815
Reid,Miller,Male,58,816
Madaline,Roberts,Female,50,817
Preston,Ryan,Male,55,818
Haris,Gibson,Male,57,819
Jordan,Harper,Male,55,820
Aida,Reed,Female,52,821
Caroline,Morgan,Female,53,822
Michelle,Myers,Female,51,823
Annabella,Farrell,Female,50,824
Amber,Tucker,Female,51,825
Emily,Bailey,Female,50,826
Ned,Moore,Male,52,827
Dale,Holmes,Male,52,828
Antony,West,Male,55,829
Ryan,Wells,Male,52,830
Brad,Morrison,Male,51,831
Max,Johnston,Male,56,832
Harold,Dixon,Male,60,833
Honey,Hawkins,Female,59,834
Kimberly,Phillips,Female,54,835
Amber,Morgan,Female,53,836
Madaline,Cunningham,Female,58,837
Frederick,Kelly,Male,59,838
Emma,Barrett,Female,59,839
Deanna,Stevens,Female,57,840
Adelaide,Adams,Female,52,841
Maddie,Nelson,Female,57,842
Tara,Casey,Female,53,843
Alan,Barnes,Male,57,844
Kate,Harrison,Female,55,845
Walter,Elliott,Male,56,846
Madaline,Richardson,Female,56,847
Edgar,Craig,Male,50,848
Oliver,Montgomery,Male,55,849
Victoria,Fowler,Female,52,850
Jasmine,Turner,Female,60,851
Hailey,Casey,Female,52,852
Bruce,Gray,Male,57,853
Albert,Morgan,Male,58,854
Nicholas,Johnson,Male,53,855
Chloe,Brown,Female,55,856
Gianna,Alexander,Female,57,857
Olivia,Parker,Female,56,858
Alexia,Carter,Female,51,859
Natalie,Watson,Female,56,860
David,Walker,Male,57,861
Antony,Stewart,Male,60,862
Eleanor,Morrison,Female,50,863
Eleanor,Smith,Female,54,864
Ryan,Anderson,Male,57,865
Lucia,Wilson,Female,55,866
Haris,Parker,Male,55,867
Michelle,Casey,Female,51,868
Tiana,Russell,Female,54,869
Clark,Roberts,Male,56,870
Kelvin,Reed,Male,53,871
Alford,Ryan,Male,57,872
Sienna,Ryan,Female,55,873
Marcus,Douglas,Male,59,874
Harold,Harrison,Male,53,875
Haris,Williams,Male,54,876
Adison,Perkins,Male,50,877
Eric,Nelson,Male,58,878
Belinda,Miller,Female,52,879
Charlotte,Morrison,Female,59,880
Roland,Richards,Male,57,881
Miller,Stevens,Male,54,882
Wilson,Bennett,Male,54,883
Annabella,Riley,Female,53,884
Adrianna,Richardson,Female,50,885
Aiden,Ellis,Male,52,886
Agata,Walker,Female,56,887
Sophia,Harris,Female,50,888
Amelia,Russell,Female,57,889
April,Miller,Female,50,890
Tiana,Cameron,Female,56,891
Lucas,Roberts,Male,54,892
Charlotte,Moore,Female,55,893
Cherry,Hall,Female,57,894
Tiana,Ellis,Female,50,895
Rubie,Walker,Female,57,896
Albert,Edwards,Male,60,897
Lily,Myers,Female,51,898
Sienna,Kelley,Female,52,899
Daisy,Murphy,Female,60,900
Brianna,Rogers,Female,55,901
Audrey,Adams,Female,53,902
Dominik,Nelson,Male,52,903
Frederick,Crawford,Male,54,904
Vivian,Sullivan,Female,55,905
Camila,Stevens,Female,50,906
Alan,Elliott,Male,55,907
Tony,Harris,Male,60,908
Leonardo,Elliott,Male,50,909
Justin,Johnson,Male,54,910
Maria,Brooks,Female,56,911
Kevin,Richardson,Male,53,912
Tiana,Morgan,Female,56,913
Dominik,Wilson,Male,60,914
Elian,Kelly,Male,53,915
Alexander,Mitchell,Male,50,916
Belinda,Anderson,Female,51,917
Carl,Lloyd,Male,53,918
William,Stewart,Male,53,919
Alissa,Myers,Female,52,920
Max,Morgan,Male,57,921
Ada,Perry,Female,57,922
Kelvin,Bailey,Male,52,923
Daryl,Farrell,Male,53,924
Rubie,Watson,Female,59,925
Samantha,Farrell,Female,56,926
Rosie,Henderson,Female,57,927
Stuart,Walker,Male,54,928
Gianna,Montgomery,Female,52,929
Fenton,Thomas,Male,53,930
Ted,Johnson,Male,53,931
Dominik,Phillips,Male,57,932
Cherry,Campbell,Female,57,933
Steven,Chapman,Male,53,934
William,Brooks,Male,59,935
Melanie,Williams,Female,51,936
George,Cole,Male,53,937
Kelvin,Edwards,Male,51,938
Ashton,Allen,Male,58,939
Rosie,Anderson,Female,53,940
Cherry,Johnson,Female,54,941
Tiana,Ferguson,Female,58,942
Arnold,Riley,Male,56,943
Caroline,Scott,Female,57,944
Kimberly,Lloyd,Female,52,945
Emily,Brown,Female,50,946
Maya,Anderson,Female,58,947
Amelia,Riley,Female,60,948
Lucia,Thomas,Female,52,949
Vincent,Alexander,Male,53,950
Alexander,Kelley,Male,55,951
Lilianna,Kelly,Female,51,952
Maddie,Morgan,Female,59,953
Walter,Russell,Male,52,954
Amelia,Spencer,Female,60,955
Rafael,Stevens,Male,59,956
Dale,Evans,Male,54,957
Garry,Kelly,Male,53,958
Kelvin,Williams,Male,52,959
Kirsten,Watson,Female,50,960
Fiona,Johnson,Female,56,961
Alina,Taylor,Female,60,962
Freddie,Foster,Male,55,963
Alexia,Barnes,Female,50,964
Miranda,Cunningham,Female,53,965
Savana,Owens,Female,59,966
Frederick,Thomas,Male,56,967
Jordan,Anderson,Male,60,968
Kirsten,Craig,Female,57,969
Victor,Cameron,Male,58,970
Connie,Perry,Female,56,971
Alexander,Howard,Male,54,972
Preston,Douglas,Male,59,973
Brianna,Nelson,Female,57,974
Jack,Baker,Male,52,975
Fiona,Higgins,Female,51,976
Chloe,Tucker,Female,51,977
Alexander,Wells,Male,56,978
Byron,Murray,Male,55,979
Maria,Fowler,Female,56,980
Brianna,Hamilton,Female,58,981
Adison,Johnson,Male,56,982
Olivia,Turner,Female,56,983
Jacob,Tucker,Male,55,984
Florrie,Douglas,Female,58,985
Byron,Harris,Male,50,986
Brooke,Smith,Female,55,987
Arianna,Cooper,Female,57,988
Edward,West,Male,51,989
Jack,Spencer,Male,51,990
Ted,Fowler,Male,56,991
Owen,Ellis,Male,52,992
Oscar,Richardson,Male,59,993
Fiona,Stevens,Female,51,994
Daryl,Nelson,Male,50,995
James,Anderson,Male,57,996
Briony,Turner,Female,54,997
Alford,Johnston,Male,56,998
Alisa,Ross,Female,59,999
Ryan,Harper,Male,53,1000
