ID,FirstName,LastName,Gender,Age
1,Tony,Gibson,Male,29
2,Madaline,Phillips,Female,21
3,Reid,Richards,Male,21
4,Eleanor,Ross,Female,20
5,Lucy,Morris,Female,28
6,Abraham,Mitchell,Male,26
7,Rubie,Barrett,Female,25
8,Patrick,Grant,Male,23
9,Valeria,Thomas,Female,24
10,Tara,Gray,Female,20
11,Jacob,Richards,Male,24
12,Sydney,Hall,Female,24
13,Carlos,Turner,Male,26
14,Adele,Baker,Female,26
15,Jack,Lloyd,Male,21
16,Blake,Rogers,Male,20
17,Julian,Parker,Male,26
18,Tony,Payne,Male,18
19,Derek,Owens,Male,22
20,Amelia,Stevens,Female,25
21,Jacob,Craig,Male,21
22,Daryl,Martin,Male,25
23,Cherry,Warren,Female,29
24,Kelsey,Henderson,Female,26
25,Isabella,Moore,Female,26
26,Samantha,Richards,Female,23
27,Kellan,Cameron,Male,18
28,Kristian,Nelson,Male,23
29,Byron,Kelley,Male,28
30,Carlos,Spencer,Male,30
31,Deanna,Morris,Female,27
32,Grace,Alexander,Female,30
33,Natalie,Mitchell,Female,20
34,Dale,Adams,Male,30
35,Florrie,Johnston,Female,22
36,Thomas,Bennett,Male,30
37,Elise,Wilson,Female,22
38,Patrick,Wright,Male,24
39,Daryl,Russell,Male,24
40,Adison,Myers,Male,18
41,Savana,Cole,Female,18
42,Frederick,Robinson,Male,18
43,Vincent,Hawkins,Male,21
44,James,Fowler,Male,29
45,Edwin,Barrett,Male,20
46,David,Edwards,Male,25
47,William,Kelley,Male,21
48,Melanie,Adams,Female,21
49,Stuart,Carter,Male,28
50,Violet,Williams,Female,28
51,Miley,Anderson,Female,27
52,Lucy,Phillips,Female,25
53,Roman,Douglas,Male,18
54,Maximilian,Riley,Male,26
55,Harold,Grant,Male,21
56,Paul,Myers,Male,27
57,Miranda,Adams,Female,30
58,Sawyer,Roberts,Male,24
59,Florrie,Brown,Female,23
60,Cadie,Watson,Female,27
61,Heather,Craig,Female,29
62,Alan,Montgomery,Male,21
63,Grace,Wilson,Female,23
64,Oscar,Harris,Male,19
65,Max,Andrews,Male,23
66,Chloe,Harrison,Female,26
67,Audrey,Owens,Female,21
68,Alexia,Craig,Female,26
69,Daisy,Myers,Female,19
70,Preston,Walker,Male,27
71,Melanie,Mason,Female,23
72,Joyce,Davis,Female,25
73,Kate,Tucker,Female,22
74,Dale,Cunningham,Male,27
75,Jordan,Holmes,Male,19
76,Chloe,Richards,Female,29
77,Lana,West,Female,26
78,Patrick,Richardson,Male,21
79,Walter,Stewart,Male,28
80,Honey,Gray,Female,29
81,Sabrina,Rogers,Female,30
82,Samantha,Hawkins,Female,18
83,Abraham,Chapman,Male,25
84,Abraham,Adams,Male,23
85,Emily,Casey,Female,28
86,Briony,Kelly,Female,22
87,Emily,Roberts,Female,21
88,Roman,Brown,Male,21
89,Emily,Chapman,Female,20
90,Tess,Murphy,Female,27
91,Amanda,Carroll,Female,21
92,Jordan,Williams,Male,18
93,Natalie,Craig,Female,29
94,Lydia,Henderson,Female,19
95,Melissa,Moore,Female,21
96,Heather,Taylor,Female,29
97,Sofia,Bennett,Female,27
98,Steven,Tucker,Male,28
99,Maria,Lloyd,Female,28
100,Chelsea,Richardson,Female,27
101,Aston,Allen,Male,22
102,Gianna,Walker,Female,25
103,Nicholas,Payne,Male,20
104,Samantha,Crawford,Female,26
105,Brad,Wells,Male,20
106,Darcy,Barrett,Female,30
107,Antony,Hill,Male,20
108,Adrian,Wright,Male,23
109,Jack,Foster,Male,18
110,Adrianna,Higgins,Female,22
111,Nicholas,Allen,Male,25
112,Ryan,Morrison,Male,28
113,Kellan,Andrews,Male,29
114,Grace,Farrell,Female,30
115,Honey,Richards,Female,24
116,Brianna,Rogers,Female,25
117,Anna,Lloyd,Female,25
118,Chloe,Robinson,Female,29
119,Alina,Douglas,Female,20
120,Sofia,Reed,Female,24
121,Paige,Davis,Female,26
122,Adelaide,Douglas,Female,21
123,Jacob,Owens,Male,22
124,Lily,Stevens,Female,24
125,Frederick,Watson,Male,26
126,Aida,Williams,Female,22
127,Dexter,Morgan,Male,26
128,Vanessa,Harris,Female,29
129,Maya,Williams,Female,23
130,Paul,Miller,Male,23
131,Sarah,Watson,Female,29
132,Patrick,Foster,Male,18
133,Paige,Armstrong,Female,25
134,Jack,Martin,Male,23
135,Gianna,Henderson,Female,24
136,Kate,Morris,Female,20
137,Garry,Owens,Male,27
138,Vincent,Douglas,Male,20
139,Lucas,Barnes,Male,18
140,Antony,Ferguson,Male,25
141,Valeria,Harris,Female,27
142,Adison,Mason,Male,22
143,Elise,Robinson,Female,20
144,Rosie,Spencer,Female,26
145,Chelsea,Adams,Female,20
146,Byron,Williams,Male,26
147,Blake,Gibson,Male,25
148,Charlie,Harris,Male,25
149,Adam,Mason,Male,27
150,Myra,Baker,Female,19
151,Julia,Grant,Female,25
152,Penelope,Farrell,Female,22
153,Maria,Smith,Female,20
154,Sofia,Cole,Female,29
155,Emma,Baker,Female,27
156,Lilianna,Miller,Female,27
157,Amber,Martin,Female,20
158,Sam,Hunt,Male,21
159,Elise,Perry,Female,24
160,Max,Walker,Male,19
161,Emily,Carter,Female,22
162,Roland,Kelly,Male,28
163,Elise,Cooper,Female,28
164,Abigail,Brown,Female,28
165,Marcus,Stewart,Male,26
166,Adison,Dixon,Male,26
167,Eric,Russell,Male,23
168,Chelsea,Edwards,Female,28
169,Leonardo,Morrison,Male,21
170,Agata,Holmes,Female,22
171,Penelope,Walker,Female,29
172,Tara,Brooks,Female,29
173,Melanie,Baker,Female,30
174,Max,Casey,Male,26
175,Eleanor,Richards,Female,18
176,Miley,Foster,Female,26
177,Lydia,Richardson,Female,21
178,Derek,Cole,Male,23
179,Ada,Barnes,Female,21
180,Ryan,Brooks,Male,23
181,Violet,Ryan,Female,28
182,Luke,Hall,Male,18
183,Lyndon,Richardson,Male,29
184,Kristian,Perry,Male,19
185,Lucia,Morris,Female,22
186,Aldus,Tucker,Male,22
187,Blake,Hawkins,Male,22
188,Honey,Russell,Female,19
189,Violet,Watson,Female,24
190,Penelope,Russell,Female,22
191,Jasmine,Anderson,Female,24
192,Lydia,Alexander,Female,29
193,Melanie,Bailey,Female,19
194,Bruce,Brown,Male,26
195,Dale,Armstrong,Male,23
196,Jack,Roberts,Male,26
197,Alexia,Casey,Female,28
198,Henry,Kelley,Male,26
199,Abigail,Hamilton,Female,19
200,Miley,Dixon,Female,29
201,Honey,Chapman,Female,18
202,Frederick,Richards,Male,22
203,Dale,Edwards,Male,22
204,Spike,Scott,Male,23
205,Julian,Fowler,Male,30
206,Lily,Myers,Female,29
207,Jacob,Casey,Male,26
208,Vivian,Evans,Female,19
209,Isabella,Edwards,Female,26
210,Steven,Ferguson,Male,28
211,Alissa,Adams,Female,23
212,Amanda,Montgomery,Female,23
213,Adrian,Clark,Male,19
214,Oscar,Dixon,Male,26
215,Julian,Clark,Male,19
216,Arianna,Henderson,Female,23
217,Arianna,Alexander,Female,25
218,Maximilian,Hawkins,Male,18
219,Gianna,Grant,Female,25
220,Lily,Scott,Female,25
221,Dale,Allen,Male,21
222,Arthur,Williams,Male,25
223,Amanda,Alexander,Female,21
224,Jenna,Davis,Female,22
225,Jessica,Myers,Female,21
226,Naomi,Montgomery,Female,24
227,Ryan,Thomas,Male,30
228,Sabrina,Allen,Female,22
229,Kristian,Campbell,Male,25
230,Robert,Kelley,Male,29
231,Reid,Richardson,Male,27
232,Alen,Douglas,Male,26
233,Dainton,Taylor,Male,18
234,Emily,Miller,Female,18
235,Chelsea,Watson,Female,22
236,Steven,Henderson,Male,23
237,Freddie,Riley,Male,30
238,Daryl,Parker,Male,29
239,Adelaide,Spencer,Female,28
240,Miranda,Sullivan,Female,24
241,Edwin,Holmes,Male,27
242,Albert,Cunningham,Male,23
243,Penelope,Riley,Female,26
244,Kimberly,Crawford,Female,22
245,Isabella,Riley,Female,19
246,Kirsten,Foster,Female,21
247,Arthur,Thompson,Male,24
248,Cadie,Cameron,Female,19
249,Elise,Russell,Female,19
250,Tony,Holmes,Male,19
251,Martin,Baker,Male,28
252,Miller,Parker,Male,22
253,Sarah,Cole,Female,20
254,Brianna,Baker,Female,18
255,Rubie,Perkins,Female,20
256,Preston,Edwards,Male,24
257,Antony,Hunt,Male,28
258,Antony,Douglas,Male,19
259,Tony,Andrews,Male,23
260,Alberta,Carter,Female,29
261,Jessica,Crawford,Female,29
262,Maria,Cooper,Female,22
263,Maya,Anderson,Female,24
264,Garry,Stevens,Male,30
265,Tyler,Wells,Male,18
266,Alissa,West,Female,18
267,Amelia,Alexander,Female,24
268,Jacob,Alexander,Male,25
269,Ted,Riley,Male,21
270,Abigail,Murphy,Female,22
271,Arthur,Evans,Male,29
272,Miranda,Thomas,Female,22
273,Kate,Wilson,Female,28
274,Annabella,Kelley,Female,30
275,Amanda,Andrews,Female,30
276,Alfred,Clark,Male,30
277,Aida,Carroll,Female,20
278,William,Wells,Male,21
279,Alina,Perkins,Female,26
280,Justin,Morgan,Male,29
281,Kelvin,Andrews,Male,26
282,Dexter,Barrett,Male,19
283,Lyndon,Rogers,Male,21
284,Patrick,Reed,Male,19
285,Aldus,Alexander,Male,25
286,Paul,Robinson,Male,28
287,Jacob,Foster,Male,27
288,John,Payne,Male,19
289,Freddie,Owens,Male,22
290,Charlie,Gibson,Male,23
291,Lana,Jones,Female,25
292,Charlie,Jones,Male,30
293,Thomas,Foster,Male,27
294,Alexia,Crawford,Female,26
295,Joyce,Grant,Female,19
296,Oliver,Morgan,Male,23
297,Sienna,Morrison,Female,24
298,Sienna,Edwards,Female,19
299,Melissa,Hunt,Female,18
300,Maddie,Crawford,Female,28
301,Sofia,Robinson,Female,19
302,Lucia,Dixon,Female,20
303,Kristian,Perkins,Male,28
304,Miranda,Stevens,Female,30
305,Darcy,Andrews,Female,24
306,Chester,Miller,Male,20
307,Victoria,Allen,Female,18
308,Wilson,Murphy,Male,28
309,Lucy,Baker,Female,30
310,Bruce,Cameron,Male,26
311,Savana,Nelson,Female,19
312,Carl,Bailey,Male,27
313,Wilson,Morgan,Male,30
314,Maya,Craig,Female,18
315,Julia,Morrison,Female,20
316,Michelle,Davis,Female,26
317,Andrew,Riley,Male,30
318,Vincent,Craig,Male,26
319,Cherry,Edwards,Female,25
320,Florrie,Myers,Female,30
321,Mary,Davis,Female,26
322,Frederick,Bailey,Male,26
323,Samantha,Kelley,Female,19
324,Ellia,Howard,Female,27
325,Alexander,Edwards,Male,19
326,Rubie,Elliott,Female,21
327,Kevin,Barrett,Male,29
328,Lily,Owens,Female,25
329,Michelle,Evans,Female,20
330,Maddie,Harris,Female,28
331,Abraham,Ryan,Male,25
332,Florrie,Nelson,Female,29
333,Leonardo,Perkins,Male,29
334,Evelyn,Ryan,Female,19
335,Lyndon,Hunt,Male,18
336,Amanda,Perry,Female,22
337,Aston,Warren,Male,30
338,Rafael,Baker,Male,25
339,Sydney,Perkins,Female,27
340,Fiona,Murray,Female,19
341,Dainton,Thompson,Male,26
342,Amy,Chapman,Female,27
343,Paige,Kelley,Female,19
344,Annabella,Davis,Female,22
345,Dainton,Baker,Male,23
346,Eddy,Kelley,Male,30
347,Violet,Gray,Female,24
348,Deanna,Evans,Female,19
349,Alfred,Thomas,Male,25
350,Adrianna,Williams,Female,20
351,Martin,Owens,Male,27
352,Daisy,Andrews,Female,18
353,Elise,Ross,Female,28
354,Carl,Rogers,Male,24
355,Walter,Farrell,Male,22
356,Justin,Robinson,Male,19
357,Agata,Phillips,Female,28
358,Alissa,Bailey,Female,30
359,Blake,Kelly,Male,25
360,Jasmine,Hamilton,Female,24
361,Camila,Farrell,Female,30
362,Stuart,Higgins,Male,27
363,Daisy,Owens,Female,28
364,Julian,Bennett,Male,27
365,Agata,Turner,Female,29
366,Jenna,Smith,Female,23
367,Caroline,Rogers,Female,23
368,Jordan,Craig,Male,19
369,Ned,Richardson,Male,18
370,Roman,Owens,Male,18
371,Eric,Cole,Male,23
372,Tony,Myers,Male,18
373,Ellia,Williams,Female,28
374,Alberta,Ross,Female,19
375,Eric,Bennett,Male,27
376,Melissa,Martin,Female,28
377,Valeria,Hall,Female,25
378,Henry,Miller,Male,18
379,Annabella,Crawford,Female,25
380,Adele,Fowler,Female,18
381,Eleanor,Morrison,Female,28
382,Violet,Grant,Female,20
383,Spike,Gibson,Male,19
384,Belinda,Hawkins,Female,22
385,James,Hill,Male,28
386,Chelsea,Thompson,Female,30
387,Miley,Jones,Female,21
388,Sofia,Jones,Female,23
389,Tess,Andrews,Female,29
390,Connie,Tucker,Female,30
391,Eleanor,Kelley,Female,18
392,Edgar,Murphy,Male,26
393,Vanessa,Gibson,Female,23
394,Lana,Grant,Female,27
395,Carina,Johnson,Female,27
396,Adrian,Morris,Male,22
397,Victoria,Crawford,Female,21
398,Violet,Gibson,Female,29
399,Robert,Sullivan,Male,27
400,Justin,Hawkins,Male,28
401,Blake,Casey,Male,34
402,Annabella,Howard,Female,30
403,Vincent,Scott,Male,36
404,Ted,Cooper,Male,36
405,Grace,Williams,Female,32
406,Michael,Reed,Male,30
407,Nicole,Higgins,Female,32
408,Lucia,Murray,Female,35
409,Alissa,Murray,Female,38
410,Oliver,Stewart,Male,31
411,Hailey,Richardson,Female,32
412,Julia,Hunt,Female,31
413,Tyler,Kelley,Male,34
414,Walter,Reed,Male,33
415,Arnold,Anderson,Male,37
416,Alisa,Hawkins,Female,40
417,Lydia,Riley,Female,31
418,Kristian,Jones,Male,35
419,Amy,Harris,Female,35
420,Kevin,Ryan,Male,39
421,Kristian,Douglas,Male,39
422,Samantha,Crawford,Female,35
423,Paul,Henderson,Male,36
424,John,Anderson,Male,32
425,Rebecca,Turner,Female,37
426,Ryan,Myers,Male,32
427,Aldus,Kelly,Male,38
428,Carl,Jones,Male,32
429,Tony,Evans,Male,30
430,Maximilian,Mason,Male,39
431,James,Gibson,Male,34
432,Patrick,Mason,Male,32
433,Dainton,Martin,Male,37
434,Aston,Warren,Male,40
435,Amber,Moore,Female,34
436,Honey,Davis,Female,30
437,Richard,Sullivan,Male,38
438,Maya,Montgomery,Female,30
439,Sabrina,Andrews,Female,38
440,Frederick,Stewart,Male,33
441,Miller,Smith,Male,34
442,Natalie,Kelley,Female,37
443,Alan,Alexander,Male,35
444,Frederick,Martin,Male,32
445,Arianna,Riley,Female,39
446,Tyler,Sullivan,Male,32
447,Robert,Richardson,Male,31
448,Annabella,Walker,Female,30
449,Chloe,Phillips,Female,36
450,April,Wright,Female,34
451,Alan,Mitchell,Male,34
452,Carina,Higgins,Female,36
453,Dexter,Harris,Male,38
454,Cadie,Alexander,Female,37
455,Kevin,Sullivan,Male,34
456,Daniel,Roberts,Male,32
457,Haris,Stevens,Male,33
458,Albert,Russell,Male,40
459,Florrie,Stewart,Female,31
460,Catherine,Kelley,Female,30
461,Sarah,Hawkins,Female,38
462,Eleanor,Ryan,Female,31
463,Tiana,Wright,Female,34
464,Catherine,Chapman,Female,38
465,Carl,Gray,Male,39
466,Adrianna,Baker,Female,40
467,Savana,Hill,Female,32
468,Haris,Bailey,Male,33
469,Kristian,Taylor,Male,35
470,Edith,Watson,Female,31
471,Alina,Montgomery,Female,33
472,Jared,Carroll,Male,35
473,Sam,Harrison,Male,31
474,Brianna,Spencer,Female,31
475,Sawyer,Nelson,Male,34
476,George,Gibson,Male,36
477,Ryan,Casey,Male,30
478,Valeria,Reed,Female,40
479,Kevin,Baker,Male,38
480,Valeria,Cameron,Female,39
481,William,Richards,Male,36
482,Melissa,Phillips,Female,39
483,Edward,Dixon,Male,36
484,Lana,Moore,Female,36
485,Kristian,Adams,Male,36
486,Naomi,Barnes,Female,32
487,Arianna,Cunningham,Female,31
488,Freddie,Grant,Male,35
489,Frederick,Ferguson,Male,37
490,Eddy,Rogers,Male,40
491,Abigail,Robinson,Female,34
492,Oliver,Foster,Male,33
493,Vincent,Bennett,Male,32
494,Arianna,Hawkins,Female,34
495,Elise,Riley,Female,30
496,Preston,Riley,Male,40
497,Sabrina,Phillips,Female,32
498,Chloe,Jones,Female,33
499,Amy,Armstrong,Female,37
500,Victoria,Hawkins,Female,33
501,Carlos,Carroll,Male,39
502,Carl,Lloyd,Male,39
503,Dexter,Henderson,Male,38
504,Lydia,Hunt,Female,38
505,Carl,Richardson,Male,34
506,Leonardo,Campbell,Male,35
507,Tyler,Harrison,Male,30
508,Alina,Richardson,Female,36
509,Alan,Richards,Male,33
510,Walter,Nelson,Male,32
511,Kelsey,Russell,Female,33
512,Chester,Watson,Male,32
513,James,Rogers,Male,30
514,Tess,Adams,Female,40
515,Alberta,Barnes,Female,35
516,Lydia,Miller,Female,37
517,Kellan,Campbell,Male,31
518,Carina,Miller,Female,34
519,Emma,Chapman,Female,33
520,Kate,Mitchell,Female,36
521,Lucy,Casey,Female,38
522,Chester,Moore,Male,32
523,Emily,Brooks,Female,33
524,Miranda,Kelley,Female,32
525,Natalie,Stevens,Female,39
526,Ryan,Williams,Male,36
527,Antony,Davis,Male,34
528,Naomi,Farrell,Female,37
529,Oscar,Russell,Male,40
530,Stella,Johnson,Female,39
531,Aida,Parker,Female,40
532,Brad,Sullivan,Male,32
533,Abigail,Campbell,Female,34
534,Aida,Perry,Female,36
535,Daryl,Morgan,Male,34
536,Jenna,Johnson,Female,31
537,Miranda,Brown,Female,31
538,Oscar,Craig,Male,40
539,Audrey,Howard,Female,34
540,Edward,Morgan,Male,31
541,Nicholas,Kelly,Male,33
542,Myra,Murphy,Female,30
543,Lyndon,Russell,Male,33
544,Sarah,Grant,Female,31
545,Amelia,Baker,Female,30
546,Brad,Adams,Male,30
547,Chelsea,Cameron,Female,35
548,Rafael,Barrett,Male,30
549,Harold,Payne,Male,35
550,Ryan,Adams,Male,36
551,Miley,Morrison,Female,30
552,Deanna,Morris,Female,40
553,Darcy,Mitchell,Female,35
554,Evelyn,Cunningham,Female,30
555,Lily,Hunt,Female,39
556,Sienna,Carter,Female,34
557,Lilianna,Morris,Female,40
558,Connie,Walker,Female,38
559,Connie,Hamilton,Female,36
560,Caroline,Chapman,Female,33
561,Edith,West,Female,37
562,Kellan,Warren,Male,37
563,Cadie,Johnson,Female,31
564,Lilianna,Henderson,Female,30
565,Brad,Andrews,Male,35
566,April,Perry,Female,37
567,Rosie,Higgins,Female,39
568,Melanie,Stevens,Female,34
569,Victor,Gibson,Male,38
570,George,Henderson,Male,34
571,Edgar,Wells,Male,40
572,Ryan,Harris,Male,40
573,Valeria,Myers,Female,38
574,Dale,Morris,Male,34
575,Sydney,Jones,Female,37
576,Audrey,Craig,Female,31
577,Heather,Elliott,Female,32
578,Myra,Harper,Female,37
579,Alford,Andrews,Male,39
580,Vivian,Richardson,Female,30
581,Adrian,Andrews,Male,33
582,Alfred,Cameron,Male,35
583,Lucas,Perkins,Male,37
584,Kirsten,Wells,Female,39
585,Tiana,Ferguson,Female,34
586,Jenna,Hall,Female,34
587,Haris,Evans,Male,35
588,Deanna,Kelley,Female,39
589,Tyler,Gray,Male,40
590,Olivia,Baker,Female,33
591,Ada,Owens,Female,39
592,Emily,Murphy,Female,34
593,Kelsey,Bennett,Female,32
594,Arnold,Owens,Male,40
595,Savana,Barrett,Female,30
596,Aiden,Thomas,Male,31
597,Heather,Crawford,Female,37
598,Alissa,Brooks,Female,32
599,Abraham,Hunt,Male,30
600,Sawyer,Thomas,Male,32
601,Sawyer,Richardson,Male,45
602,Albert,Hawkins,Male,49
603,Adelaide,Tucker,Female,44
604,Vincent,Tucker,Male,48
605,Kevin,Moore,Male,47
606,Blake,Martin,Male,48
607,Stella,Riley,Female,46
608,Melanie,Cunningham,Female,48
609,Stella,Montgomery,Female,44
610,Alissa,Martin,Female,42
611,Carina,Cooper,Female,50
612,William,Thompson,Male,46
613,Audrey,Rogers,Female,44
614,Preston,Morris,Male,49
615,Ashton,Walker,Male,46
616,Amelia,Bennett,Female,48
617,Jordan,Adams,Male,46
618,Lydia,Andrews,Female,41
619,Alan,Phillips,Male,40
620,Jasmine,Cole,Female,45
621,Julian,Dixon,Male,48
622,Elian,Sullivan,Male,43
623,Roman,Turner,Male,46
624,Chloe,Davis,Female,47
625,Wilson,Ferguson,Male,50
626,Wilson,Anderson,Male,40
627,Lucas,Tucker,Male,42
628,Jessica,Reed,Female,50
629,Valeria,Fowler,Female,40
630,Nicholas,Campbell,Male,48
631,Lydia,Cole,Female,45
632,Lucas,Anderson,Male,48
633,Roland,Baker,Male,43
634,Kimberly,Moore,Female,50
635,Marcus,Barrett,Male,48
636,James,Riley,Male,49
637,Natalie,Wells,Female,45
638,Dainton,Ryan,Male,42
639,Alina,Richards,Female,41
640,Hailey,Kelley,Female,46
641,Gianna,Johnson,Female,40
642,David,Morgan,Male,40
643,John,West,Male,44
644,Amber,Thomas,Female,48
645,Adele,Kelley,Female,41
646,Melanie,Bennett,Female,48
647,Ned,Myers,Male,45
648,Isabella,Brown,Female,48
649,Alexia,Morris,Female,41
650,Jack,Douglas,Male,49
651,Garry,Wilson,Male,40
652,Nicholas,Wilson,Male,43
653,Fenton,Casey,Male,49
654,Arthur,Gray,Male,41
655,Lydia,Ross,Female,47
656,Melanie,Hamilton,Female,43
657,April,Alexander,Female,43
658,Aida,Fowler,Female,46
659,Brianna,Johnston,Female,41
660,Patrick,Robinson,Male,41
661,Evelyn,Farrell,Female,42
662,Emily,Ferguson,Female,43
663,Eleanor,Riley,Female,42
664,Alexia,Sullivan,Female,43
665,Henry,Harris,Male,48
666,Daniel,Brown,Male,40
667,Isabella,Gibson,Female,40
668,Aida,Stewart,Female,41
669,Thomas,Craig,Male,50
670,Julia,Harper,Female,41
671,Joyce,Murray,Female,50
672,Martin,Williams,Male,48
673,Andrew,Walker,Male,42
674,Nicole,Armstrong,Female,40
675,Connie,Johnston,Female,46
676,Connie,Smith,Female,44
677,Brooke,Sullivan,Female,43
678,Amelia,Perkins,Female,41
679,Naomi,Evans,Female,47
680,Daisy,Edwards,Female,40
681,Nicholas,Walker,Male,46
682,Carina,Parker,Female,48
683,Max,Reed,Male,45
684,Justin,Tucker,Male,50
685,Aida,Craig,Female,47
686,Penelope,Martin,Female,44
687,Kevin,Wells,Male,50
688,Abigail,Murphy,Female,46
689,Robert,Smith,Male,40
690,Gianna,Adams,Female,44
691,Sophia,Campbell,Female,42
692,Byron,Miller,Male,47
693,Belinda,Alexander,Female,47
694,Max,Kelly,Male,40
695,Belinda,Evans,Female,40
696,Jessica,Sullivan,Female,40
697,Lyndon,Wright,Male,49
698,Fenton,West,Male,50
699,Caroline,Johnston,Female,44
700,Amelia,Anderson,Female,47
701,Maddie,Foster,Female,46
702,Audrey,Sullivan,Female,50
703,Brad,Carroll,Male,44
704,Sydney,Warren,Female,46
705,Kevin,Edwards,Male,43
706,Brooke,Brown,Female,50
707,Olivia,Grant,Female,43
708,Tiana,Casey,Female,48
709,Alan,Johnston,Male,46
710,Maya,Bailey,Female,45
711,Adele,Russell,Female,47
712,Tyler,Fowler,Male,49
713,Daisy,Bennett,Female,44
714,Ned,Alexander,Male,45
715,Leonardo,Scott,Male,46
716,Michael,Ellis,Male,48
717,Daryl,Cooper,Male,48
718,Alan,Miller,Male,48
719,Miranda,Johnston,Female,50
720,Valeria,Ellis,Female,50
721,Ashton,Johnston,Male,44
722,Sienna,Douglas,Female,43
723,Rebecca,Armstrong,Female,46
724,Ryan,Armstrong,Male,41
725,Melissa,Richardson,Female,42
726,Henry,Cameron,Male,44
727,Carina,Clark,Female,46
728,Anna,Wells,Female,47
729,Kevin,Mitchell,Male,40
730,Edgar,Brown,Male,49
731,Anna,Richards,Female,46
732,Bruce,Gibson,Male,41
733,Ted,Henderson,Male,47
734,Spike,Richardson,Male,41
735,Lucia,Stevens,Female,40
736,Brad,Barnes,Male,45
737,Bruce,Wells,Male,43
738,Kimberly,Williams,Female,42
739,April,Harris,Female,44
740,Spike,Stewart,Male,41
741,Ada,Morris,Female,49
742,Paul,Brown,Male,47
743,Sam,Davis,Male,41
744,Sienna,Wells,Female,41
745,Hailey,Ross,Female,40
746,Stella,Spencer,Female,45
747,Albert,Reed,Male,48
748,Kate,Hall,Female,40
749,Stuart,Casey,Male,47
750,Eleanor,Watson,Female,40
751,Ned,Ryan,Male,43
752,Lily,Davis,Female,48
753,Oscar,Johnson,Male,41
754,Vincent,Dixon,Male,46
755,Alissa,Barrett,Female,44
756,Edgar,Kelley,Male,43
757,Haris,Morrison,Male,47
758,Ashton,Harris,Male,42
759,Joyce,Morrison,Female,47
760,Amber,Ellis,Female,50
761,Amanda,Bennett,Female,43
762,Alan,Ross,Male,48
763,Chester,Ellis,Male,40
764,Mike,Williams,Male,43
765,Oscar,Thompson,Male,44
766,Amelia,Ryan,Female,41
767,Tyler,Russell,Male,46
768,Hailey,Farrell,Female,49
769,Kristian,Allen,Male,48
770,Garry,Carter,Male,48
771,Frederick,Brooks,Male,40
772,Luke,Armstrong,Male,47
773,James,Wright,Male,49
774,Patrick,Ryan,Male,45
775,Thomas,Hunt,Male,41
776,Adison,Adams,Male,44
777,John,Brooks,Male,40
778,Alisa,Taylor,Female,50
779,Miller,Campbell,Male,47
780,Daniel,Higgins,Male,45
781,Lucy,Tucker,Female,45
782,Andrew,Montgomery,Male,41
783,Cherry,Parker,Female,46
784,Joyce,Scott,Female,50
785,Alissa,Tucker,Female,44
786,Andrew,Riley,Male,49
787,Adison,Ross,Male,50
788,Daisy,Riley,Female,42
789,Daisy,Sullivan,Female,47
790,Alexia,Turner,Female,44
791,Sienna,Henderson,Female,49
792,Alford,Brooks,Male,48
793,Alford,Hall,Male,48
794,Emily,Thomas,Female,46
795,Garry,Dixon,Male,45
796,Alina,Johnston,Female,41
797,Jack,Lloyd,Male,44
798,Myra,Montgomery,Female,44
799,Connie,Barnes,Female,45
800,Julia,Howard,Female,40
801,Aiden,Cunningham,Male,59
802,Lucia,Brooks,Female,59
803,Jenna,Cole,Female,54
804,Maya,Stewart,Female,60
805,Rafael,Moore,Male,57
806,Alford,Jones,Male,57
807,Amber,Perkins,Female,54
808,Abigail,Perry,Female,58
809,Luke,Wilson,Male,59
810,April,Hall,Female,59
811,Olivia,Cooper,Female,50
812,Vivian,Cameron,Female,55
813,Alford,Phillips,Male,55
814,Thomas,Brooks,Male,59
815,Alan,Tucker,Male,51
816,Reid,Miller,Male,58
817,Madaline,Roberts,Female,50
818,Preston,Ryan,Male,55
819,Haris,Gibson,Male,57
820,Jordan,Harper,Male,55
821,Aida,Reed,Female,52
822,Caroline,Morgan,Female,53
823,Michelle,Myers,Female,51
824,Annabella,Farrell,Female,50
825,Amber,Tucker,Female,51
826,Emily,Bailey,Female,50
827,Ned,Moore,Male,52
828,Dale,Holmes,Male,52
829,Antony,West,Male,55
830,Ryan,Wells,Male,52
831,Brad,Morrison,Male,51
832,Max,Johnston,Male,56
833,Harold,Dixon,Male,60
834,Honey,Hawkins,Female,59
835,Kimberly,Phillips,Female,54
836,Amber,Morgan,Female,53
837,Madaline,Cunningham,Female,58
838,Frederick,Kelly,Male,59
839,Emma,Barrett,Female,59
840,Deanna,Stevens,Female,57
841,Adelaide,Adams,Female,52
842,Maddie,Nelson,Female,57
843,Tara,Casey,Female,53
844,Alan,Barnes,Male,57
845,Kate,Harrison,Female,55
846,Walter,Elliott,Male,56
847,Madaline,Richardson,Female,56
848,Edgar,Craig,Male,50
849,Oliver,Montgomery,Male,55
850,Victoria,Fowler,Female,52
851,Jasmine,Turner,Female,60
852,Hailey,Casey,Female,52
853,Bruce,Gray,Male,57
854,Albert,Morgan,Male,58
855,Nicholas,Johnson,Male,53
856,Chloe,Brown,Female,55
857,Gianna,Alexander,Female,57
858,Olivia,Parker,Female,56
859,Alexia,Carter,Female,51
860,Natalie,Watson,Female,56
861,David,Walker,Male,57
862,Antony,Stewart,Male,60
863,Eleanor,Morrison,Female,50
864,Eleanor,Smith,Female,54
865,Ryan,Anderson,Male,57
866,Lucia,Wilson,Female,55
867,Haris,Parker,Male,55
868,Michelle,Casey,Female,51
869,Tiana,Russell,Female,54
870,Clark,Roberts,Male,56
871,Kelvin,Reed,Male,53
872,Alford,Ryan,Male,57
873,Sienna,Ryan,Female,55
874,Marcus,Douglas,Male,59
875,Harold,Harrison,Male,53
876,Haris,Williams,Male,54
877,Adison,Perkins,Male,50
878,Eric,Nelson,Male,58
879,Belinda,Miller,Female,52
880,Charlotte,Morrison,Female,59
881,Roland,Richards,Male,57
882,Miller,Stevens,Male,54
883,Wilson,Bennett,Male,54
884,Annabella,Riley,Female,53
885,Adrianna,Richardson,Female,50
886,Aiden,Ellis,Male,52
887,Agata,Walker,Female,56
888,Sophia,Harris,Female,50
889,Amelia,Russell,Female,57
890,April,Miller,Female,50
891,Tiana,Cameron,Female,56
892,Lucas,Roberts,Male,54
893,Charlotte,Moore,Female,55
894,Cherry,Hall,Female,57
895,Tiana,Ellis,Female,50
896,Rubie,Walker,Female,57
897,Albert,Edwards,Male,60
898,Lily,Myers,Female,51
899,Sienna,Kelley,Female,52
900,Daisy,Murphy,Female,60
901,Brianna,Rogers,Female,55
902,Audrey,Adams,Female,53
903,Dominik,Nelson,Male,52
904,Frederick,Crawford,Male,54
905,Vivian,Sullivan,Female,55
906,Camila,Stevens,Female,50
907,Alan,Elliott,Male,55
908,Tony,Harris,Male,60
909,Leonardo,Elliott,Male,50
910,Justin,Johnson,Male,54
911,Maria,Brooks,Female,56
912,Kevin,Richardson,Male,53
913,Tiana,Morgan,Female,56
914,Dominik,Wilson,Male,60
915,Elian,Kelly,Male,53
916,Alexander,Mitchell,Male,50
917,Belinda,Anderson,Female,51
918,Carl,Lloyd,Male,53
919,William,Stewart,Male,53
920,Alissa,Myers,Female,52
921,Max,Morgan,Male,57
922,Ada,Perry,Female,57
923,Kelvin,Bailey,Male,52
924,Daryl,Farrell,Male,53
925,Rubie,Watson,Female,59
926,Samantha,Farrell,Female,56
927,Rosie,Henderson,Female,57
928,Stuart,Walker,Male,54
929,Gianna,Montgomery,Female,52
930,Fenton,Thomas,Male,53
931,Ted,Johnson,Male,53
932,Dominik,Phillips,Male,57
933,Cherry,Campbell,Female,57
934,Steven,Chapman,Male,53
935,William,Brooks,Male,59
936,Melanie,Williams,Female,51
937,George,Cole,Male,53
938,Kelvin,Edwards,Male,51
939,Ashton,Allen,Male,58
940,Rosie,Anderson,Female,53
941,Cherry,Johnson,Female,54
942,Tiana,Ferguson,Female,58
943,Arnold,Riley,Male,56
944,Caroline,Scott,Female,57
945,Kimberly,Lloyd,Female,52
946,Emily,Brown,Female,50
947,Maya,Anderson,Female,58
948,Amelia,Riley,Female,60
949,Lucia,Thomas,Female,52
950,Vincent,Alexander,Male,53
951,Alexander,Kelley,Male,55
952,Lilianna,Kelly,Female,51
953,Maddie,Morgan,Female,59
954,Walter,Russell,Male,52
955,Amelia,Spencer,Female,60
956,Rafael,Stevens,Male,59
957,Dale,Evans,Male,54
958,Garry,Kelly,Male,53
959,Kelvin,Williams,Male,52
960,Kirsten,Watson,Female,50
961,Fiona,Johnson,Female,56
962,Alina,Taylor,Female,60
963,Freddie,Foster,Male,55
964,Alexia,Barnes,Female,50
965,Miranda,Cunningham,Female,53
966,Savana,Owens,Female,59
967,Frederick,Thomas,Male,56
968,Jordan,Anderson,Male,60
969,Kirsten,Craig,Female,57
970,Victor,Cameron,Male,58
971,Connie,Perry,Female,56
972,Alexander,Howard,Male,54
973,Preston,Douglas,Male,59
974,Brianna,Nelson,Female,57
975,Jack,Baker,Male,52
976,Fiona,Higgins,Female,51
977,Chloe,Tucker,Female,51
978,Alexander,Wells,Male,56
979,Byron,Murray,Male,55
980,Maria,Fowler,Female,56
981,Brianna,Hamilton,Female,58
982,Adison,Johnson,Male,56
983,Olivia,Turner,Female,56
984,Jacob,Tucker,Male,55
985,Florrie,Douglas,Female,58
986,Byron,Harris,Male,50
987,Brooke,Smith,Female,55
988,Arianna,Cooper,Female,57
989,Edward,West,Male,51
990,Jack,Spencer,Male,51
991,Ted,Fowler,Male,56
992,Owen,Ellis,Male,52
993,Oscar,Richardson,Male,59
994,Fiona,Stevens,Female,51
995,Daryl,Nelson,Male,50
996,James,Anderson,Male,57
997,Briony,Turner,Female,54
998,Alford,Johnston,Male,56
999,Alisa,Ross,Female,59
1000,Ryan,Harper,Male,53
